UserName,Handle,Text,Comments,Likes,Retweets
Physics & Astronomy Zone,@zone_astronomy,A view of Earth from the Moon by NASA.A view of Earth from the Moon by NASA.,181,"1,273","8,237"
NASA,@NASA,"One mission. Four astronauts. So many ways to watch the #Artemis II astronaut announcement.     The thread below tells you all the places you can find this historic event. We make history on Monday, April 3, starting at 11am ET (1500 UTC).One mission. Four astronauts. So many ways to watch the #Artemis II astronaut announcement.     The thread below tells you all the places you can find this historic event. We make history on Monday, April 3, starting at 11am ET (1500 UTC).",115,"1,635","7,934"
Troll Football,@TrollFootball, NASA have confirmed that all Man United fans have made it safely back to the Earth. NASA have confirmed that all Man United fans have made it safely back to the Earth.,220,"2,311",21.5K
THE FLAT EARTHER,@TheFlatEartherr,NASA's moon landing hoax was filmed in a studio.NASA's moon landing hoax was filmed in a studio.,69,"1,233","2,768"
Wonder of Science,@wonderofscience,"The planet Neptune as captured by the Voyager 2 spacecraft, with a close-up of latitudinal clouds that are about 50 km (30 miles) high at their tallest.

Credit:NASA/JPL/Justin CowartThe planet Neptune as captured by the Voyager 2 spacecraft, with a close-up of latitudinal clouds that are about 50 km (30 miles) high at their tallest.

Credit:NASA/JPL/Justin Cowart",21,303,"2,344"
Julio Maiz,@maiz_julio,M51 Whirlpool Galaxy in Canes Venatici constellation #NASA https://twitter.com/intent/tweet?url=https%3A%2F%2Ftmblr.co%2FZpkuVu1UdEhOXâ€¦M51 Whirlpool Galaxy in Canes Venatici constellation #NASA https://twitter.com/intent/tweet?url=https%3A%2F%2Ftmblr.co%2FZpkuVu1UdEhOXâ€¦,12,329,"1,817"
Chris Bergin - NSF,@NASASpaceflight,"This train is heading toward the launch site! 

https://youtube.com/watch?v=qi6YcWK7msAâ€¦This train is heading toward the launch site! 

https://youtube.com/watch?v=qi6YcWK7msAâ€¦",17,37,690
Julio Maiz,@maiz_julio,IC1805 Heart Nebula by Hubble telescope #NASA https://tmblr.co/ZpkuVu1rI3NgnIC1805 Heart Nebula by Hubble telescope #NASA https://tmblr.co/ZpkuVu1rI3Ngn,4,114,581
Julio Maiz,@maiz_julio,M78 Reflection Nebula in Orion #NASAM78 Reflection Nebula in Orion #NASA,5,323,"1,652"
Swetilein,@Swetilein1,"'M57: The Ring Nebula from Hubble' image from the #NASA_App
https://apod.nasa.gov/apod/ap230402.htmlâ€¦
#Astrophotography #astronomy #space #Nebula'M57: The Ring Nebula from Hubble' image from the #NASA_App
https://apod.nasa.gov/apod/ap230402.htmlâ€¦
#Astrophotography #astronomy #space #Nebula",3,59,355
Chris Bergin - NSF,@NASASpaceflight,"Wow, that's a great shot!Wow, that's a great shot!",8,54,674
Razzia,@littleNASA,"Attending Wrestlemania was only ever part of the dream.

Attending Wrestlemania as one of my heroes, thatâ€™s the ultimate dream.
@dustinrhodes
 has been promoted to Grandpa, so I gotchu covered! 

#MiniGoldust #WrestleManiaAttending Wrestlemania was only ever part of the dream.

Attending Wrestlemania as one of my heroes, thatâ€™s the ultimate dream.
@dustinrhodes
 has been promoted to Grandpa, so I gotchu covered! 

#MiniGoldust #WrestleMania",6,7,19
Chris Bergin - NSF,@NASASpaceflight,"LAUNCH! SpaceX Falcon 9 B1075-2 launches with SDA Tranche 0 Flight 1 mission. 

Overview: https://nasaspaceflight.com/2023/03/tranche-0-flight-1/â€¦ - by Danny Lentz

NSF livestream
https://youtube.com/watch?v=qi6YcWK7msAâ€¦LAUNCH! SpaceX Falcon 9 B1075-2 launches with SDA Tranche 0 Flight 1 mission. 

Overview: https://nasaspaceflight.com/2023/03/tranche-0-flight-1/â€¦ - by Danny Lentz

NSF livestream
https://youtube.com/watch?v=qi6YcWK7msAâ€¦",3,55,502
Swetilein,@Swetilein1,"'Andromeda in Southern Skies' image from the #NASA_App 10-21-2022
https://apod.nasa.gov/apod/ap221021.htmlâ€¦
#Astrophotography #astronomy #Andromeda'Andromeda in Southern Skies' image from the #NASA_App 10-21-2022
https://apod.nasa.gov/apod/ap221021.htmlâ€¦
#Astrophotography #astronomy #Andromeda",6,87,592
Jasmine,@astro_jaz,"the cygnus loop nebula in ultraviolet looks like something out of a sci-fi movie ðŸ©µ

image credit: NASA/JPL-Caltechthe cygnus loop nebula in ultraviolet looks like something out of a sci-fi movie ðŸ©µ

image credit: NASA/JPL-Caltech",13,80,666
Rob Meyerson,@RobMeyerson,"â€œIBMâ€ is not an acronym, itâ€™s an initialism. Acronyms are pronounced as words, like â€œNASA.â€â€œIBMâ€ is not an acronym, itâ€™s an initialism. Acronyms are pronounced as words, like â€œNASA.â€",6,13,121
UzayÄ± KeÅŸfet,@uzayakesif,"Uzayda Ä±slak bir havluyu sÄ±kÄ±nca, ne olacaÄŸÄ±nÄ± gÃ¶rÃ¼yorsunuz.

CSA/NASAUzayda Ä±slak bir havluyu sÄ±kÄ±nca, ne olacaÄŸÄ±nÄ± gÃ¶rÃ¼yorsunuz.

CSA/NASA",156,761,12K
NASA,@NASA,"Through #WomensHistoryMonth and every day, we honor the women at NASA who brought us to where we are and inspire generations past, present, and future to explore the cosmos. http://nasa.gov/womenThrough #WomensHistoryMonth and every day, we honor the women at NASA who brought us to where we are and inspire generations past, present, and future to explore the cosmos. http://nasa.gov/women",133,736,"4,922"
,@ElegantAlia,I am sending this to NASA because you are a star Alia Bhatt I am sending this to NASA because you are a star Alia Bhatt ,3,29,236
iesh,@lewishamil7on,just realized lewis has that NASA space ship behind himjust realized lewis has that NASA space ship behind him,5,83,784
Javier Clavijo,@JavierC35957887,LA RATA ASTRONAUTA DE LA NASA LA RATA ASTRONAUTA DE LA NASA ,32,151,259
Olivia,@Oliviahich,"my dear friends  

Have a
 nice
&
Happy 
weekend.

..
#NATO #NASA #nature #weekendmy dear friends  

Have a
 nice
&
Happy 
weekend.

..
#NATO #NASA #nature #weekend",5,7,27
mycheolipops,@PAP1CHEOLO,"Having ""I Don't Understand But I Luv U"", a comment from a Live before that touched the hearts of the member and now it is one of the songs in the upcoming CB really proves how much the boys love and cherish the Carats so much 

Nasa tamang fandom talaga koHaving ""I Don't Understand But I Luv U"", a comment from a Live before that touched the hearts of the member and now it is one of the songs in the upcoming CB really proves how much the boys love and cherish the Carats so much 

Nasa tamang fandom talaga ko",,28,147
Primal Space,@thePrimalSpace,"NASA will reveal the Artemis II crew tomorrow! 

3 US astronauts and 1 Canadian astronaut will fly aboard Orion. 

(Credit: NASA)NASA will reveal the Artemis II crew tomorrow! 

3 US astronauts and 1 Canadian astronaut will fly aboard Orion. 

(Credit: NASA)",8,61,498
j.,@blairwaldorfs_,"no selfies posted nung nasa pasyal, pero his recent stories were about her no selfies posted nung nasa pasyal, pero his recent stories were about her ",,119,469
Chris Bergin - NSF,@NASASpaceflight,"Ship 24 is rolling out to the launch site, and Booster 7 will soon be reunited for stacking! 

Live commentary: https://youtube.com/watch?v=gTGvYlZB5BAâ€¦Ship 24 is rolling out to the launch site, and Booster 7 will soon be reunited for stacking! 

Live commentary: https://youtube.com/watch?v=gTGvYlZB5BAâ€¦",7,93,"1,011"
UFO CASE ALIEN,@multistagecorre,"cloak tech 003 / no explanation required

well only works on distance 
but they do it anyway 
#UFOTwitter #UFO #UFOSightings
#uaptwitter  #nasa   #UAP #Aliens
   
#OVNI

we oppose deception cloak tech 003 / no explanation required

well only works on distance 
but they do it anyway 
#UFOTwitter #UFO #UFOSightings
#uaptwitter  #nasa   #UAP #Aliens
   
#OVNI

we oppose deception ",7,20,65
Xavi Bros,@Xavi_Bros,"This beautiful galaxy is NGC 2442, situated 50 million light-years far. It has two prominent arms and a big central bar and bulge.

This is the NASAâ€™s APOD of today.
Image Credit & Copyright: Nicolas Rolland, Martin Pugh.This beautiful galaxy is NGC 2442, situated 50 million light-years far. It has two prominent arms and a big central bar and bulge.

This is the NASAâ€™s APOD of today.
Image Credit & Copyright: Nicolas Rolland, Martin Pugh.",3,121,745
Swetilein,@Swetilein1,"'NGC 2442: Galaxy in Volans' image from the #NASA_App
https://apod.nasa.gov/apod/ap230401.htmlâ€¦
#Astrophotography #astronomy #space #Galaxy'NGC 2442: Galaxy in Volans' image from the #NASA_App
https://apod.nasa.gov/apod/ap230401.htmlâ€¦
#Astrophotography #astronomy #space #Galaxy",3,21,197
Domenico,@AvatarDomy,"The northern lights as seen from the ISS. The video begins with the green hues of the northern lights dancing across the skies of North America. The curvature of the Earth is visible where the auroras in the atmosphere meet the darkness of space.
Credit NASAThe northern lights as seen from the ISS. The video begins with the green hues of the northern lights dancing across the skies of North America. The curvature of the Earth is visible where the auroras in the atmosphere meet the darkness of space.
Credit NASA",,7,19
Mikay â€¢ busy,@mikaydb,Confirmed!! Nasa bday celeb si Donny ni Meme viceConfirmed!! Nasa bday celeb si Donny ni Meme vice,3,348,"1,283"
Curiosity,@Curiosity5932,"New Zealand seen from the International Space Station! 

Credit: NASANew Zealand seen from the International Space Station! 

Credit: NASA",,11,29
Phillip Davis,@Phillip96207244,"I have been meaning to post a basic chart of various types of gases as it relates to hundreds of phases of UFOs, that I have processed over past months. Using a clean version of AI (no models) based solely on sharpening only as NASA uses. I am not a chemist, but I can see colorâ€¦I have been meaning to post a basic chart of various types of gases as it relates to hundreds of phases of UFOs, that I have processed over past months. Using a clean version of AI (no models) based solely on sharpening only as NASA uses. I am not a chemist, but I can see colorâ€¦",3,4,10
Universal-Sci,@universal_sci,"The last rays of an orbital sunset illuminate the Earth's atmosphere in this stunning shot from the International Space Station.

(Credit: NASA)The last rays of an orbital sunset illuminate the Earth's atmosphere in this stunning shot from the International Space Station.

(Credit: NASA)",1,22,124
NASA Marshall,@NASA_Marshall,"We're two days away from the #Artemis II crew announcement!  

Watch as teams at #NASAMichoud bring the last of the five major structures of the mission's 
@NASA_SLS
 core stage together.

Learn more HERE>> https://go.nasa.gov/3zmqAdNWe're two days away from the #Artemis II crew announcement!  

Watch as teams at #NASAMichoud bring the last of the five major structures of the mission's 
@NASA_SLS
 core stage together.

Learn more HERE>> https://go.nasa.gov/3zmqAdN",9,96,517
Astronomy Picture Of The Day,@apod,"M57: The Ring Nebula from Hubble: https://apod.nasa.gov/apod/ap230402.htmlâ€¦ by 
@NASA
, 
@esa
, Hubble Legacy Archive;sProcessing:sJudy SchmidtM57: The Ring Nebula from Hubble: https://apod.nasa.gov/apod/ap230402.htmlâ€¦ by 
@NASA
, 
@esa
, Hubble Legacy Archive;sProcessing:sJudy Schmidt",17,183,"1,427"
NASA,@NASA,"A new 
@NASAEarth
 & 
@CenterForAstro
 mission preparing for launch will be the first to take hourly observations of air quality in North America. Data from #TEMPO will improve forecasts & reveal disparities in pollution exposure within cities and communities. https://go.nasa.gov/3K3Zhd4A new 
@NASAEarth
 & 
@CenterForAstro
 mission preparing for launch will be the first to take hourly observations of air quality in North America. Data from #TEMPO will improve forecasts & reveal disparities in pollution exposure within cities and communities. https://go.nasa.gov/3K3Zhd4",130,618,"4,611"
Carson Garrett,@CarsonGarrett_,"#NASA Artemis II crew will be announced today!!!

3 American astronauts will be selected to go up on the next SLS rocket and complete a lunar flyby! 

Want to remind all those kids who love space out there to keep learning about what you love! You may just so happen to end upâ€¦#NASA Artemis II crew will be announced today!!!

3 American astronauts will be selected to go up on the next SLS rocket and complete a lunar flyby! 

Want to remind all those kids who love space out there to keep learning about what you love! You may just so happen to end upâ€¦",3,1,42
ð•‹ð”¼ð”¸â„,@TeahCartel,The sun still creating chaos. NASA's newest video.The sun still creating chaos. NASA's newest video.,3,8,35
ConnSCG Fight For AmericaÂ®,@F4tUS,"The Biden regime boycotted the Physical Society conference in Israel.

Straughn (NASA) told the organizers the cancelation was due to instructions from the U.S. State Department.

The relationship between the Biden regime and Israel are deteriorating fast. https://jihadwatch.org/2023/04/biden-regime-boycotts-israelâ€¦The Biden regime boycotted the Physical Society conference in Israel.

Straughn (NASA) told the organizers the cancelation was due to instructions from the U.S. State Department.

The relationship between the Biden regime and Israel are deteriorating fast. https://jihadwatch.org/2023/04/biden-regime-boycotts-israelâ€¦",4,65,40
Dr. Nasa (New Nigeria is POssible),@Nasaodo4u,"And this was where the APC planned the skitReplying to 
@realFFK",35,112,102
Pubity,@pubity,"Nasa may have found life on Mars (but we wonâ€™t know for ten years)

Last week, Nasaâ€™s Perseverance rover collected samples which are not due to arrive here until 2033 Nasa may have found life on Mars (but we wonâ€™t know for ten years)

Last week, Nasaâ€™s Perseverance rover collected samples which are not due to arrive here until 2033 ",2,3,67
NASA Laser Communications,@NASALaserComm,"In just two days, 
@NASA
 will announce the astronauts flying on the 
@NASAArtemis
 II mission!

During this crewed flight, the 
@NASA_Orion
 capsule will be equipped with a laser communications system - O2O - to enable the transfer of high-resolution images and videos back to Earth.In just two days, 
@NASA
 will announce the astronauts flying on the 
@NASAArtemis
 II mission!

During this crewed flight, the 
@NASA_Orion
 capsule will be equipped with a laser communications system - O2O - to enable the transfer of high-resolution images and videos back to Earth.",14,82,462
Dr. Nasa (New Nigeria is POssible),@Nasaodo4u,"Bursted! This was where APC planned the skit with Ibom airline

#APCaTorriristOrganizationReplying to 
@fkeyamo",67,340,374
True Earth FROG,@MentalsFun,"NASA - This Nasa image shows Earth from space.

Also Nasa - This Nasa image is a combination of data. AKA cgi

Funny how all these articles debunking flat earth always use cgi images. You would think we would have a 24/7 live feed from the moon by now.

#FlatEarth #TrueEarthNASA - This Nasa image shows Earth from space.

Also Nasa - This Nasa image is a combination of data. AKA cgi

Funny how all these articles debunking flat earth always use cgi images. You would think we would have a 24/7 live feed from the moon by now.

#FlatEarth #TrueEarth",9,4,18
ã…ã„´ã…‹ã…‹ã…‹,@anthophilelover,"the light aura of BLCK that makes agents less anxious 

go best team! nasa likod nâ€™yo lang kami whatever happens the light aura of BLCK that makes agents less anxious 

go best team! nasa likod nâ€™yo lang kami whatever happens ",,23,197
NASA Aeronautics,@NASAaero,"At 
@NASA_Langley
 researchers use computational fluid dynamics (CFD) to predict how air moves over spacecraft & airplanes.  Recently, we used baseballs! Adding prescribed motion, such as rotation of a baseball, advances the groupâ€™s technical skills. More: https://go.nasa.gov/40Qqx5xAt 
@NASA_Langley
 researchers use computational fluid dynamics (CFD) to predict how air moves over spacecraft & airplanes.  Recently, we used baseballs! Adding prescribed motion, such as rotation of a baseball, advances the groupâ€™s technical skills. More: https://go.nasa.gov/40Qqx5x",6,32,175
Ars Technica,@arstechnica,"From the archives: While it still looks every inch the shiny sci-fi dream depicted in 80s posters, NASA's Shuttle Centaur will forever remain on terra firmaâ€”and represents what some have described as the â€œnaive arroganceâ€ of the space shuttle's Golden Age.From the archives: While it still looks every inch the shiny sci-fi dream depicted in 80s posters, NASA's Shuttle Centaur will forever remain on terra firmaâ€”and represents what some have described as the â€œnaive arroganceâ€ of the space shuttle's Golden Age.",,7,20
NASA Exoplanets,@NASAExoplanets,Can you imagine a ring system so large it would eclipse the Sun? We can! Astronomers found evidence of a planet with rings 200 times bigger than Saturn's. They also saw those rings eclipsing the planet's Sun-like star! https://go.nasa.gov/3zFA8RvCan you imagine a ring system so large it would eclipse the Sun? We can! Astronomers found evidence of a planet with rings 200 times bigger than Saturn's. They also saw those rings eclipsing the planet's Sun-like star! https://go.nasa.gov/3zFA8Rv,28,345,"2,397"
UFO CASE ALIEN,@multistagecorre,"Nasa treasonou's > 081

ET  deploying
#UFOTwitter #UFO #smudge #UFOSightings 
#uaptwitter  #NASA    #UAP #Aliens
    

#OVNI

we oppose deception deployingNasa treasonou's > 081

ET  deploying
#UFOTwitter #UFO #smudge #UFOSightings 
#uaptwitter  #NASA    #UAP #Aliens
    

#OVNI

we oppose deception deploying",3,10,32
NONE32X32,@NONE32X32,"NASA 

â€œThat's one small step for man, one giant leap for mankind.â€NASA 

â€œThat's one small step for man, one giant leap for mankind.â€",4,3,25
Emily,@ItsRubiksCubed,"We have come so far since the Apollo capsules. Can't wait for us to return to the moon!Replying to 
@NASA",2,4,44
Science Channel,@ScienceChannel,"New discovery!   Saturnâ€™s vast ring system is heating the giant planetâ€™s upper atmosphere. The most feasible explanation is that icy ring particles raining down onto Saturnâ€™s atmosphere cause this heating. 

Credits: NASA, ESA, Lotfi Ben-Jaffel (IAP & LPL)New discovery!   Saturnâ€™s vast ring system is heating the giant planetâ€™s upper atmosphere. The most feasible explanation is that icy ring particles raining down onto Saturnâ€™s atmosphere cause this heating. 

Credits: NASA, ESA, Lotfi Ben-Jaffel (IAP & LPL)",8,40,170
B.M.P the Original,@potchiiing,"Sabi nga ni AC, kahit nasayo na ang lahat ng talent sa mundo, what matters is your attitude. One example is Belle, nasa kanya na ang lahat and she also knows how to value people around her. That's why everyone loves her so muchhhh 

Slay madzam! Sabi nga ni AC, kahit nasayo na ang lahat ng talent sa mundo, what matters is your attitude. One example is Belle, nasa kanya na ang lahat and she also knows how to value people around her. That's why everyone loves her so muchhhh 

Slay madzam! ",1,57,226
NASA Ames,@NASAAmes,"One day until we announce the names of the #Artemis Crew II.

Are you ready? Join us tomorrow, 8am PT/11am ET: https://bit.ly/3JXeCMIOne day until we announce the names of the #Artemis Crew II.

Are you ready? Join us tomorrow, 8am PT/11am ET: https://bit.ly/3JXeCMI",9,59,213
Zhel Ann,@Itsmehazel_30,"Iba ang sagutan ng aming Vivoree. Grabe, very humble, smart, may words of wisdom, pretty and everything. Nasa kanya na lahat. We're so proud always. We believe in you na someday matupad mo lahat ng pangarap mo. You inspired us and We always love you.

VIVOREE MATAPANG MEDIATOURIba ang sagutan ng aming Vivoree. Grabe, very humble, smart, may words of wisdom, pretty and everything. Nasa kanya na lahat. We're so proud always. We believe in you na someday matupad mo lahat ng pangarap mo. You inspired us and We always love you.

VIVOREE MATAPANG MEDIATOUR",,64,134
njiri,@CchezLarson,"NASA demonstrations 2017. The cost of handshake. 
@RailaOdingaNASA demonstrations 2017. The cost of handshake. 
@RailaOdinga",,4,11
Î›oÏ‡Î¯Î±Ï‚ Î›Î¯Î½ÎºÎ¿Î½ ÎŒÏƒÎ¹ÏÎ¹Ï‚,@SMP28861779,"NASA lunch JUICE Saturn mission.
Alex Kamal?""Let go hoss, we are late""NASA lunch JUICE Saturn mission.
Alex Kamal?""Let go hoss, we are late""",,1,6
LOINIE/ RonnieLoisa,@RonnieLoinie,"First ayuda at nasa Japan na ang #LoiNie Wishing you a lot of happiness and fun
@iamAndalioLoisa
 @iamr2alonte
 .We love you First ayuda at nasa Japan na ang #LoiNie Wishing you a lot of happiness and fun
@iamAndalioLoisa
 @iamr2alonte
 .We love you ",,9,44
Jessica Meir,@Astro_Jessica,"Before I had my own family, I had my 
@NASA
 @NASA_Astronauts
 @esa
 space family. Couldnâ€™t be happier after bringing both together last week for the long overdue celebration of our shared mission on 
@Space_Station
. #Expedition61 #familyBefore I had my own family, I had my 
@NASA
 @NASA_Astronauts
 @esa
 space family. Couldnâ€™t be happier after bringing both together last week for the long overdue celebration of our shared mission on 
@Space_Station
. #Expedition61 #family",20,38,640
BTS NASA ARMY,@BangtaNASAverse,"Happy Friday #BTSARMY! Did you survive #Jimin_FACE 1st week & our half naked fashion boys?  -

This week in #space:
 The most spectacular aurora boraalis occurred just for Jimin
 Hubble finds Saturnâ€™s rings heat up the atmosphere
 Chandra Xray  bora galactic windHappy Friday #BTSARMY! Did you survive #Jimin_FACE 1st week & our half naked fashion boys?  -

This week in #space:
 The most spectacular aurora boraalis occurred just for Jimin
 Hubble finds Saturnâ€™s rings heat up the atmosphere
 Chandra Xray  bora galactic wind",8,77,197
Dr. Nasa (New Nigeria is POssible),@Nasaodo4u,They have already concluded plans on how badly they will treat Nigerians.They have already concluded plans on how badly they will treat Nigerians.,,3,3
Eng. Mohamed Tache Dida,@Mohamedida,"10 days ago Today:

Malala: There are people in AZIMIO asking for handshake behind the scenes.

Sen Ledama: I'm in AZIMIO & I'm not aware of anyone asking for handshake.

Malala: Even in 2018, you & I were both in NASA but we didn't know about handshake until it happened.10 days ago Today:

Malala: There are people in AZIMIO asking for handshake behind the scenes.

Sen Ledama: I'm in AZIMIO & I'm not aware of anyone asking for handshake.

Malala: Even in 2018, you & I were both in NASA but we didn't know about handshake until it happened.",3,27,106
King ZeoM,@KingZeoM,NASA gets 52m per Day from Your Tax Money--Everydayto Deceive you with CGI'S...Let that sink inNASA gets 52m per Day from Your Tax Money--Everydayto Deceive you with CGI'S...Let that sink in,,3,4
NASA Marshall,@NASA_Marshall,"NASA's Marshall Space Flight Center, Sierra Space, and ILC Dover passed another milestone on the path to building full-scale habitats for human missions to the Moon, Mars and beyond. Engineers loaded a one-third-scale version of the inflatable habitat until it burst to failure.NASA's Marshall Space Flight Center, Sierra Space, and ILC Dover passed another milestone on the path to building full-scale habitats for human missions to the Moon, Mars and beyond. Engineers loaded a one-third-scale version of the inflatable habitat until it burst to failure.",9,52,282
Universal-Sci,@universal_sci,"This gorgeous scene of stellar creation sits near the outskirts of the Tarantula Nebula. The cloud of gas and dust, as well as the many young and massive stars surrounding it, is the perfect laboratory to study the origin of massive stars

(Credit: ESA/Hubble, NASA, I. Stephens)This gorgeous scene of stellar creation sits near the outskirts of the Tarantula Nebula. The cloud of gas and dust, as well as the many young and massive stars surrounding it, is the perfect laboratory to study the origin of massive stars

(Credit: ESA/Hubble, NASA, I. Stephens)",2,33,200
GIGUE Continues,@GContinues,"NASAã®å†…éƒ¨é–¢ä¿‚è€…ã‚¸ãƒ¼ãƒ³ãƒ»ã‚®ãƒ«ãƒ¢ã‚¢æ°ï¼ˆ2022/2/13æ­»åŽ»ï¼‰ãŒæ­»ã®åºŠã§å‘Šç™½

çˆ¶ã¯NASAã®é–¢ä¿‚è€…ã§ã€æœˆé¢ç€é™¸æé€ ã®æ’®å½±ã‚¨ãƒªã‚¢ã‚’è¦‹ãŸ

NASA Insider Confesses on Deathbed: I Filmed Fake Moon Landing in 1969NASAã®å†…éƒ¨é–¢ä¿‚è€…ã‚¸ãƒ¼ãƒ³ãƒ»ã‚®ãƒ«ãƒ¢ã‚¢æ°ï¼ˆ2022/2/13æ­»åŽ»ï¼‰ãŒæ­»ã®åºŠã§å‘Šç™½

çˆ¶ã¯NASAã®é–¢ä¿‚è€…ã§ã€æœˆé¢ç€é™¸æé€ ã®æ’®å½±ã‚¨ãƒªã‚¢ã‚’è¦‹ãŸ

NASA Insider Confesses on Deathbed: I Filmed Fake Moon Landing in 1969",1,252,463
BTS NASA ARMY,@BangtaNASAverse,"I donâ€™t think #jiminâ€™s #Alone_Face is getting enough attention. So hereâ€™s the lonely Galaxy â€œLost In Spaceâ€ NGC 6503, existing at the edge of an empty patch of space called Local Void, 18M light yrs away. -

â€œDay and night, fall and repeat.
Make it right, itâ€™s gonna be alrightâ€I donâ€™t think #jiminâ€™s #Alone_Face is getting enough attention. So hereâ€™s the lonely Galaxy â€œLost In Spaceâ€ NGC 6503, existing at the edge of an empty patch of space called Local Void, 18M light yrs away. -

â€œDay and night, fall and repeat.
Make it right, itâ€™s gonna be alrightâ€",6,199,491
,,,,,
,,,53,118,549
Phys.org,@physorg_com,"Perseverance rover collects first Mars sample of new science campaign 
@NASAPerseverance rover collects first Mars sample of new science campaign 
@NASA",1,12,38
,,"A globular star cluster in the Milky Way galaxy!

(Credit: NASA)",,13,108
Will,@dreamsNscience,"The long parallel rays slanting across the top of the featured radio image are known collectively as the Galactic Center Radio Arc and point out from the Galactic plane.
#Astrophotography 

Image Credit: Ian Heywood (Oxford U.), SARAO
Credit #NASAThe long parallel rays slanting across the top of the featured radio image are known collectively as the Galactic Center Radio Arc and point out from the Galactic plane.
#Astrophotography 

Image Credit: Ian Heywood (Oxford U.), SARAO
Credit #NASA",,,6
fuzzy SEONGHWA DAY!!,@padahwan,I think my fave april fools post was last year this seonghwa fansite turned into a literal NASA stanI think my fave april fools post was last year this seonghwa fansite turned into a literal NASA stan,,22,105
Nft Marketplace and Coreum Validator,@rize2day,"If you #kno you #gno 

We are working with some highly desired #3d #AR developers that create true interoperable assets.

They have also partnered with #NASA and a few other high quality projects.

You want to be the first to have one? You can only get them on #Rize2dayâ€¦If you #kno you #gno 

We are working with some highly desired #3d #AR developers that create true interoperable assets.

They have also partnered with #NASA and a few other high quality projects.

You want to be the first to have one? You can only get them on #Rize2dayâ€¦",4,4,12
Tom Nelson,@tan123,"NASA climate cult scientist Kalmus claims that ""The IPCC is screaming as loud as any group of scientists ever have"" but laments that ""almost no one cares"". #ClimateScamNASA climate cult scientist Kalmus claims that ""The IPCC is screaming as loud as any group of scientists ever have"" but laments that ""almost no one cares"". #ClimateScam",13,19,68
Fred Heller,@fredHeller1,Perseverance Samples 'Berea': This image shows the rocky outcrop the Perseverance science team calls â€œBereaâ€ after the NASA Mars rover extracted a rock core (right) and abraded a circular patch (left). Credits: NASA/JPL-Caltech/ASU/MSSS. DoPerseverance Samples 'Berea': This image shows the rocky outcrop the Perseverance science team calls â€œBereaâ€ after the NASA Mars rover extracted a rock core (right) and abraded a circular patch (left). Credits: NASA/JPL-Caltech/ASU/MSSS. Do,1,4,13
DÃ©borah,@dvorahfr,"I saw a picture of a pink space suit and tried to redo it, just for fun .

Hey! NASA gentlemen, it would be cool to put colors in space, right?
@elonmusk
 would that be technically binding please?
(Click on the image below to to see it in full) 

#midjourneyv5 #AIartI saw a picture of a pink space suit and tried to redo it, just for fun .

Hey! NASA gentlemen, it would be cool to put colors in space, right?
@elonmusk
 would that be technically binding please?
(Click on the image below to to see it in full) 

#midjourneyv5 #AIart",50,35,201
Will,@dreamsNscience,"Located â‰ˆ 50 million light-years away, in the constellation of the flying fish, the distorted galaxy NGC 2442 has two spiral arms extending from a pronounced central bar. 

#Astrophotography 
Image Credit & Copyright: Nicolas Rolland, Martin Pugh
Credit #NASALocated â‰ˆ 50 million light-years away, in the constellation of the flying fish, the distorted galaxy NGC 2442 has two spiral arms extending from a pronounced central bar. 

#Astrophotography 
Image Credit & Copyright: Nicolas Rolland, Martin Pugh
Credit #NASA",,6,16
That's just Josh,@JoshuaLartman,I support this. Craig of NASA is of Arrako and she'll have a love interest that's a supporting character.I support this. Craig of NASA is of Arrako and she'll have a love interest that's a supporting character.,1,3,15
reachable4solcasinoio,@LowBimmer95,"@NASA
 Watch out on your next mission to anywhere. 
@TheHoopasNFT
 are coming with you to moon, mars, just anywhere in universe @NASA
 Watch out on your next mission to anywhere. 
@TheHoopasNFT
 are coming with you to moon, mars, just anywhere in universe ",3,2,7
Physics-astronomy,@Physicsastronmy,17-Year-Old Student Discovers A New Planet On The Third Day Of Internship At NASA17-Year-Old Student Discovers A New Planet On The Third Day Of Internship At NASA,1,5,69
Nasa,@nasakesan,Need someone that can color these two panels if itâ€™s possibleNeed someone that can color these two panels if itâ€™s possible,6,8,46
Kitty,@kxtty_lainx,"Lf commissioner 
4 short story telling english 
Any topic kasama guided questions nasa susunod na twt yung iba
Drop rates po 
Deadline wednesday

Guided Questions:
1.Where does the story take place?
2.What are you learning about the way each character feels about each other?Lf commissioner 
4 short story telling english 
Any topic kasama guided questions nasa susunod na twt yung iba
Drop rates po 
Deadline wednesday

Guided Questions:
1.Where does the story take place?
2.What are you learning about the way each character feels about each other?",61,1,25
albi,@NabokovT_T,"NASA will spend about $52 billion to find and destroy the Pioneer 10 probe, launched into space 50 years ago and carrying a message to intelligent life forms that was deemed transphobic.NASA will spend about $52 billion to find and destroy the Pioneer 10 probe, launched into space 50 years ago and carrying a message to intelligent life forms that was deemed transphobic.",1,8,51
Francesco,@Frances89805199,No surprise here. They cannot get thru the firmament. Never been able to. NASA and FakeX are FakeAF. Like really bad B movie level stuff. The space concept you were taught is satanic in origin and has nothing to do with Reality.No surprise here. They cannot get thru the firmament. Never been able to. NASA and FakeX are FakeAF. Like really bad B movie level stuff. The space concept you were taught is satanic in origin and has nothing to do with Reality.,,,
Michael L-A,@CommanderMLA,"#tbt to this day in 92' when I was chosen by NASA as part of the new astronaut class - ""The Hogs.""#tbt to this day in 92' when I was chosen by NASA as part of the new astronaut class - ""The Hogs.""",9,13,154
NickStevens Graphics,@Nick_Stevens_Gr,"This is an (unflown) Soviet design for a cosmonaut to fly around in space, roughly equivalent to NASA's MMU.This is an (unflown) Soviet design for a cosmonaut to fly around in space, roughly equivalent to NASA's MMU.",6,36,173
Dr. Nasa (New Nigeria is POssible),@Nasaodo4u,"Bursted! This was where APC supporters planned what happened in Ibom airlineReplying to 
@abati1990",9,33,21
NASA Earth,@NASAEarth,"Elsa who? 

SnowEx was in the field this March â€“ and itâ€™s #WomensHistoryMonth! 

Today, weâ€™re celebrating the female scientists who showshoed and snowmobiled through Alaska, dug snow pits, and measured snow properties for 
@nasa
â€™s SnowEx mission.Elsa who? 

SnowEx was in the field this March â€“ and itâ€™s #WomensHistoryMonth! 

Today, weâ€™re celebrating the female scientists who showshoed and snowmobiled through Alaska, dug snow pits, and measured snow properties for 
@nasa
â€™s SnowEx mission.",5,19,136
Jyotilaxmi Nambiar Kurup,@PanchvatiNasik,"RISHI KANÄ€DA - WATER CYCLEFour thousand years ago, Rishi Kaá¹‡Äda discussed water cycle in exactly the same way in which NASA and other scientists discuss today. The amazing point is, KanÄda mentions evaporation, transpiration, condensation, precipitation and collection.RISHI KANÄ€DA - WATER CYCLEFour thousand years ago, Rishi Kaá¹‡Äda discussed water cycle in exactly the same way in which NASA and other scientists discuss today. The amazing point is, KanÄda mentions evaporation, transpiration, condensation, precipitation and collection.",1,40,87
NASA Astronomy POTD,@NASAPOTD,"The NASA Picture of the Day for April 2nd, 2023 is M57: The Ring Nebula from Hubble #NASAThe NASA Picture of the Day for April 2nd, 2023 is M57: The Ring Nebula from Hubble #NASA",,11,33
Laura,@SpaceBunny9,"What a welcome 
@NASA_Johnson
 - cotton candy skies, with the moon shot! canâ€™t wait to meet everyone tomorrow! #NASASocialWhat a welcome 
@NASA_Johnson
 - cotton candy skies, with the moon shot! canâ€™t wait to meet everyone tomorrow! #NASASocial",4,,25
Chris Bergin - NSF,@NASASpaceflight,"Starbase OG Hopper welcoming Ship 24 back to the launch site for the test flight!

https://youtube.com/watch?v=gTGvYlZB5BAâ€¦Starbase OG Hopper welcoming Ship 24 back to the launch site for the test flight!

https://youtube.com/watch?v=gTGvYlZB5BAâ€¦",12,92,"1,036"
âœ¦nasa.exe | BUN BEATS IT'S OUT î¨€âœ¦,@nasadotexe,remix coming out today...remix coming out today...,3,4,14
Schlotz,@SchlotzOfficial,"________________________

#BreakingNews: 

#Dione announces partnership with #NASA to create the first blockchain-powered rocket to the moon!  
_______________________

http://DioneProtocol.com
_______________________
#Dione #Blockchain #Dioneprotocol #MoonMission #AprilFools________________________

#BreakingNews: 

#Dione announces partnership with #NASA to create the first blockchain-powered rocket to the moon!  
_______________________

http://DioneProtocol.com
_______________________
#Dione #Blockchain #Dioneprotocol #MoonMission #AprilFools",4,11,21
fiel,@zoneneos,my cousin told me about this local gastropub with gorgeous midcentury modern interiors tapos tangina niya nasa pampanga palamy cousin told me about this local gastropub with gorgeous midcentury modern interiors tapos tangina niya nasa pampanga pala,1,,5
AG,@A_G951,"NASA already suspended space shuttle program, vande Bharat today running at 120kmph japan achieved this speed in 1960 just for comparison.NASA already suspended space shuttle program, vande Bharat today running at 120kmph japan achieved this speed in 1960 just for comparison.",3,10,11
Regina Sukumpantanasan,@perthsbabe,"Ang hirap i-balance ng doing touristy things at pagattend sa ganap ng thai BL actors pag nasa Thailand.  From the grand palace to Panda FC à¹à¸ˆà¹‰à¸‡à¸§à¸±à¸’à¸™à¸° real quick. 
#HBD23rdOHMPAWATAng hirap i-balance ng doing touristy things at pagattend sa ganap ng thai BL actors pag nasa Thailand.  From the grand palace to Panda FC à¹à¸ˆà¹‰à¸‡à¸§à¸±à¸’à¸™à¸° real quick. 
#HBD23rdOHMPAWAT",,2,15
Keith Strong,@drkstrong,"IT WORKED! Thank you to all those that sent emails to NASA HQ complaining about Helioviewer not working. It seems to be fixed now! I assume it was not coincidence that within hours of your emails, suddenly it started working again. :)IT WORKED! Thank you to all those that sent emails to NASA HQ complaining about Helioviewer not working. It seems to be fixed now! I assume it was not coincidence that within hours of your emails, suddenly it started working again. :)",4,30,140
#UN #SDGs #ClimateAction #ActNow,@Sdg13Un,"A blue halo glows around Plutoâ€™s receding crescent in this parting image taken by NASA's New Horizons spacecraft on July 14, 2015. At the time of this shot, New Horizons was 120,000 miles (200,000 kilometers) away from Pluto.A blue halo glows around Plutoâ€™s receding crescent in this parting image taken by NASA's New Horizons spacecraft on July 14, 2015. At the time of this shot, New Horizons was 120,000 miles (200,000 kilometers) away from Pluto.",2,10,31
SPACE.com,@SPACEdotcom,NASA aims to boost diversity at space agency with 2 high-ranking positions https://trib.al/Xx4MN5ZNASA aims to boost diversity at space agency with 2 high-ranking positions https://trib.al/Xx4MN5Z,4,6,38
UFO CASE ALIEN,@multistagecorre,"Nasa treasonous > 083

contact!
#UFOTwitter #UFO #smudge #UFOSightings 
#uaptwitter  #NASA #UAP #Aliens
    
#OVNI


we oppose deception Nasa treasonous > 083

contact!
#UFOTwitter #UFO #smudge #UFOSightings 
#uaptwitter  #NASA #UAP #Aliens
    
#OVNI


we oppose deception ",2,1,6
@AndTartary and antiquity,@AndTartary and antiquity,"Margaret Hamilton, NASA's Chief Software Engineer - 1969

here where the codes that took man to the moon are written.

I tell them to tell me one of fictional cowboys I already know many false storiesMargaret Hamilton, NASA's Chief Software Engineer - 1969

here where the codes that took man to the moon are written.

I tell them to tell me one of fictional cowboys I already know many false stories",3,3,15
Omer Ghazi,@OmerGhazi2,"Indian-origin Engineer Amit Kshatriya will head NASA's Moon to Mars mission. 

From CEOs of global brands to top-tier politicians in the west to NASA scientists, we, Indians, are leaving our mark on the globe.

These traits help a country become a superpower.Indian-origin Engineer Amit Kshatriya will head NASA's Moon to Mars mission. 

From CEOs of global brands to top-tier politicians in the west to NASA scientists, we, Indians, are leaving our mark on the globe.

These traits help a country become a superpower.",10,89,406
bÃ¼udead,@KBthabuddhist,earth spinnin faster than a bitch - per nasaearth spinnin faster than a bitch - per nasa,1,3,3
FGCZ,@FGCZ_EN,"FCGZ workshop at 
@ETH_en
  Treffpunkt #Science City 2023 Â«Das #UniversumÂ». The #NASA expedition is extremely successful so far, and young scientists are looking for living material in samples from space. Thank you to our 
@FGCZ_EN
  team and all the participants!! #Omics is fun!FCGZ workshop at 
@ETH_en
  Treffpunkt #Science City 2023 Â«Das #UniversumÂ». The #NASA expedition is extremely successful so far, and young scientists are looking for living material in samples from space. Thank you to our 
@FGCZ_EN
  team and all the participants!! #Omics is fun!",,6,9
Dr. Nasa (New Nigeria is POssible),@Nasaodo4u,"Can someone show 
@JoeIgbokwe
 Joe Iberibekwe this business card 

APC named him Okafor Ibe

Obiajulu Uja Hans  mistakenly gave someone this card at the airport 
@realFFK
 @fkeyamoCan someone show 
@JoeIgbokwe
 Joe Iberibekwe this business card 

APC named him Okafor Ibe

Obiajulu Uja Hans  mistakenly gave someone this card at the airport 
@realFFK
 @fkeyamo",4,17,16
Chivi,@chivivoree,"Yung sila ang nasa gitna 

#ViBrentYung sila ang nasa gitna 

#ViBrent",4,64,230
FranÃ§ois-Philippe Champagne (FPC),@FP_Champagne,"We are going to the Moon!

Weâ€™ll be live this Monday, April 3, at 11:00 a.m. ET from the NASA Johnson Space Center in Houston to announce the Canadian astronaut who will take part in the #Artemis II mission to the Moon.

Join us to be part of this historic event! We are going to the Moon!

Weâ€™ll be live this Monday, April 3, at 11:00 a.m. ET from the NASA Johnson Space Center in Houston to announce the Canadian astronaut who will take part in the #Artemis II mission to the Moon.

Join us to be part of this historic event! ",32,35,122
valoricnero3,@valoricnero3,"This is a role model boys should have Navy seal, Harvard medical school and future Nasa Astronaut moon landing.
https://twitter.com/mrexits/status/1642254237290872832â€¦ 
@DolioJThis is a role model boys should have Navy seal, Harvard medical school and future Nasa Astronaut moon landing.
https://twitter.com/mrexits/status/1642254237290872832â€¦ 
@DolioJ",,6,20
Canadian Assoc for Girls in Science (CAGIS),@GirlsInScience,"On April 3, 
@NASA
 & 
@csa_asc
 will announce which 4 astronauts will fly around the Moon as part of Artemis II!  This will include the 1st Canadian & 1st woman to fly around the Moon.  Watch the announcement live at 11 am ET at the CSA YouTube & Facebook.
https://beta.ctvnews.ca/national/sci-tech/2023/3/30/1_6336348.amp.htmlâ€¦On April 3, 
@NASA
 & 
@csa_asc
 will announce which 4 astronauts will fly around the Moon as part of Artemis II!  This will include the 1st Canadian & 1st woman to fly around the Moon.  Watch the announcement live at 11 am ET at the CSA YouTube & Facebook.
https://beta.ctvnews.ca/national/sci-tech/2023/3/30/1_6336348.amp.htmlâ€¦",3,6,63
Nasaáµ•Ìˆ,@sxteverytime,Mashiro wonâ€™t turn around so xiaoting DID IM- Mashiro wonâ€™t turn around so xiaoting DID IM- ,,7,32
V Joel Guevara,@vjoelguevara,"'M57: The Ring Nebula from Hubble' From the #NASA
https://apod.nasa.gov/apod/ap230402.htmlâ€¦'M57: The Ring Nebula from Hubble' From the #NASA
https://apod.nasa.gov/apod/ap230402.htmlâ€¦",,1,2
Ray (52-26),@ifihad222choose,"I heard Peyton Watson was just hired by NASA the way he sending shit to the moon  
@peytonwatson_I heard Peyton Watson was just hired by NASA the way he sending shit to the moon  
@peytonwatson_",,1,9
BLEED BLUE,@Thumperjoey68," Level Earth Proof 
Firmament Dome Level Earth Hub :  https://t.me/followsthewhiterabbit/20011â€¦
 NASA Fakery & Bloopers Hub  :  https://t.me/followsthewhiterabbit/22454â€¦ Level Earth Proof 
Firmament Dome Level Earth Hub :  https://t.me/followsthewhiterabbit/20011â€¦
 NASA Fakery & Bloopers Hub  :  https://t.me/followsthewhiterabbit/22454â€¦",1,1,1
Dr. Nasa (New Nigeria is POssible),@Nasaodo4u,"The so called Eze of Ajao is a known APC man working very closely with 
@jidesanwoolu
 

The APC and Tinubu are on a propaganda spree 

It has been alleged that the claimed arrest was just an audio arrest. The man is in his house enjoying himself 

#TinubuForPrisonThe so called Eze of Ajao is a known APC man working very closely with 
@jidesanwoolu
 

The APC and Tinubu are on a propaganda spree 

It has been alleged that the claimed arrest was just an audio arrest. The man is in his house enjoying himself 

#TinubuForPrison",1,59,57
Troubled Minds: A Conspiracy Radio Show/Podcast,@TroubledMindsR,"NASAâ€™s James Webb Space Telescope Discovers Silicate Clouds on Distant Exoplanet: Scientists using NASAâ€™s James Webb Space Telescope have made a groundbreaking discovery, observing silicate cloud features and multiple moleculesâ€¦ https://bit.ly/3M8bxvZ #history #weird #scienceNASAâ€™s James Webb Space Telescope Discovers Silicate Clouds on Distant Exoplanet: Scientists using NASAâ€™s James Webb Space Telescope have made a groundbreaking discovery, observing silicate cloud features and multiple moleculesâ€¦ https://bit.ly/3M8bxvZ #history #weird #science",,2,2
Chikage Windler WX,@ChikageWeather,"#Astronomy Picture of the Day:  via 
@NASA
 https://go.nasa.gov/3MaWBgs#Astronomy Picture of the Day:  via 
@NASA
 https://go.nasa.gov/3MaWBgs",,1,5
youngallison63,@youngallison63,"So ..she just talks over Stahl in that flat, nasa,l hateful, grating Southern accent like she does everyone else? No footage shown of her harassing David Hogg & kicking a young woman? What's the point? Glad I'm not watching.Replying to 
@krassenstein",4,13,98
KING,@Astro_kiing,"History in the making! Four brave astronauts would be embarking on a journey to the moon, paving the way for future space exploration. We're excited to witness this incredible feat and wish them a safe and successful mission.  #NASA #MoonMission #SpaceExplorationHistory in the making! Four brave astronauts would be embarking on a journey to the moon, paving the way for future space exploration. We're excited to witness this incredible feat and wish them a safe and successful mission.  #NASA #MoonMission #SpaceExploration",,,1
CityNews Vancouver,@CityNewsVAN,"On Monday, NASA and the Canadian Space Agency will introduce the four astronauts, three from the U.S. and one from Canada, for the first crewed mission to the moon in more than 50 years.On Monday, NASA and the Canadian Space Agency will introduce the four astronauts, three from the U.S. and one from Canada, for the first crewed mission to the moon in more than 50 years.",2,6,18
King Milkfart,@King_Milkfart,"To all those who still think they will best me in disclosure battle:

Check thine self before thou dost wrecketh thine self.

#ufotwitter #uaptwitter #nasa #comeatmebroTo all those who still think they will best me in disclosure battle:

Check thine self before thou dost wrecketh thine self.

#ufotwitter #uaptwitter #nasa #comeatmebro",5,,15
Markku Niska,@markkuniska,"Have you booked your flight to Mars yet? 
Do it here and your name will fly on a future mission to Mars.
https://mars.nasa.gov/participate/send-your-name/â€¦
#NASA #MARSHave you booked your flight to Mars yet? 
Do it here and your name will fly on a future mission to Mars.
https://mars.nasa.gov/participate/send-your-name/â€¦
#NASA #MARS",1,1,2
CGA MERCH // Seventeen FML,@MerchCga,"#GO_CGA 
wts lfb ph go 

Seventeen  â€˜FMLâ€™  

album w/poster - 550php
album + wv pob - 730php
album + wv pob + fansign pc - 930 April 22 dop
DOP: May 15

pooling wv pob. fs, version

once onhand price nasa form po
DOO: April 22
ETA: NETA (May - June)

https://forms.gle/ZJxhKQEDJrhY3LuY9â€¦#GO_CGA 
wts lfb ph go 

Seventeen  â€˜FMLâ€™  

album w/poster - 550php
album + wv pob - 730php
album + wv pob + fansign pc - 930 April 22 dop
DOP: May 15

pooling wv pob. fs, version

once onhand price nasa form po
DOO: April 22
ETA: NETA (May - June)

https://forms.gle/ZJxhKQEDJrhY3LuY9â€¦",3,5,32
Consulate General of Canada in Dallas,@CanCGDallas,"Tune in tomorrow - April 3 at 11am ET/ 10am CT as 
@NASA
 and 
@csa_asc
 announce the team of  who will participate in the #Artemis II mission to the Moon in 2024! Don't miss this historic event! 

Livestream Info : https://space.com/nasa-artemis-2-moon-crew-announcement-livestreamâ€¦Tune in tomorrow - April 3 at 11am ET/ 10am CT as 
@NASA
 and 
@csa_asc
 announce the team of  who will participate in the #Artemis II mission to the Moon in 2024! Don't miss this historic event! 

Livestream Info : https://space.com/nasa-artemis-2-moon-crew-announcement-livestreamâ€¦",,2,5
Andrew Balzer,@AlphaBalzer,"Don't forget ANZ - The #Artemis Missions have landed in Minecraft in partnership with
@NASA
 
There are TWO ANZ Live Lessons this week with special NASA guests! Navigate the Orion space capsule on a mission to the moon! #MinecraftEdu Sign up here: http://aka.ms/artemismissions #LinkedDon't forget ANZ - The #Artemis Missions have landed in Minecraft in partnership with
@NASA
 
There are TWO ANZ Live Lessons this week with special NASA guests! Navigate the Orion space capsule on a mission to the moon! #MinecraftEdu Sign up here: http://aka.ms/artemismissions #Linked",2,2,4
Tito Kap,@PTkapre24,"Ang simple pero ang cutipie talaga pag nasa CM Board na

#BGYO 
@bgyo_phAng simple pero ang cutipie talaga pag nasa CM Board na

#BGYO 
@bgyo_ph",3,22,66
Satnam Singh Sandhu,@satnamsandhuchd,"#AmitKshatriya is going to lead the ""Golden Age of Exploration"" as 
@NASA
â€™s newly-established 'Moon to Mars' Programme aims to prepare for humanityâ€™s next giant leap to the Red Planet. 

#Mars #NASA #IndiaShining#AmitKshatriya is going to lead the ""Golden Age of Exploration"" as 
@NASA
â€™s newly-established 'Moon to Mars' Programme aims to prepare for humanityâ€™s next giant leap to the Red Planet. 

#Mars #NASA #IndiaShining",5,15,126
Lisa Campbell,@lisacampbellasc,"Together we'll make history as our 
@NASA
 and 
@csa_asc
 astronauts fly around the Moon as part of Artemis II, the first crewed mission to the Moon since the Apollo missions. Tomorrow's announcement demonstrates the strong Canadian and U.S. partnership in space exploration!Together we'll make history as our 
@NASA
 and 
@csa_asc
 astronauts fly around the Moon as part of Artemis II, the first crewed mission to the Moon since the Apollo missions. Tomorrow's announcement demonstrates the strong Canadian and U.S. partnership in space exploration!",1,13,51
Felipe LourenÃ§o,@felipelourencor,"In my head 
Ghostin 
NASA
Bad idea 

As melhores do tunIn my head 
Ghostin 
NASA
Bad idea 

As melhores do tun",1,,1
IvyNiDeanna,@iVYeAnNa_03,"Naol nasa Bali 
Happy 10th Monthsary Deavy 
Enjoy lang kayo jan  
@ivy_lacsina
 @deannawongstNaol nasa Bali 
Happy 10th Monthsary Deavy 
Enjoy lang kayo jan  
@ivy_lacsina
 @deannawongst",,9,64
Fossil Locator,@FossilLocator,I remember when the higher resolution images came out and the conspiracy minded claimed NASA had nuked Cydonia to hide evidenceI remember when the higher resolution images came out and the conspiracy minded claimed NASA had nuked Cydonia to hide evidence,3,6,46
DrVUDU~freerange,@VUsuxballs,"Morgellons/DARPA mouldice. Black Goo ( aka graphene oxide) this guy was talking about this stuff a decade agoâ€¦Replying to 
@vgclements1",2,8,10
Piero | Space artist,@SpacePart_39B,"So, who is excited about having a Canadian on Artemis II ? 
@csa_asc
 @NASA
 @esa
 
#Canada #Astronaut #ArtemisII #Moon #WeAreGoingSo, who is excited about having a Canadian on Artemis II ? 
@csa_asc
 @NASA
 @esa
 
#Canada #Astronaut #ArtemisII #Moon #WeAreGoing",2,2,16
PS,@psbeautifulsoul,"I'm finally back, home sweet home!  
Had a hard time to watch #teenclashep3 last Friday because di ako makapag focus when I'm using my phone and nasa ibang bahay.  Will rewatch again later using my pc para mas malaki yung screen and nkaheadset (so rinig na rinig). I'm finally back, home sweet home!  
Had a hard time to watch #teenclashep3 last Friday because di ako makapag focus when I'm using my phone and nasa ibang bahay.  Will rewatch again later using my pc para mas malaki yung screen and nkaheadset (so rinig na rinig). ",,4,16
nÃ sa,@yyourcandy_,"happy birthday sen 
@k_77SE
 wish u always be fine. wish weâ€™re can be best friend, and wish weâ€™re have many more interactions sen. be happy happy birthday sen 
@k_77SE
 wish u always be fine. wish weâ€™re can be best friend, and wish weâ€™re have many more interactions sen. be happy ",4,1,3
Simeon SchmauÃŸ,@stim3on,"Amazing CO2 clouds captured about an hour before sunrise by the 
@NASAPersevere
 rover back on Sol 738 (March 18). 

NASA/JPL-Caltech/Simeon SchmauÃŸ

Full res: https://flic.kr/p/2oqLHLgAmazing CO2 clouds captured about an hour before sunrise by the 
@NASAPersevere
 rover back on Sol 738 (March 18). 

NASA/JPL-Caltech/Simeon SchmauÃŸ

Full res: https://flic.kr/p/2oqLHLg",3,39,160
ðšˆà¸„Å›à¹“iàº–... ||JUSTICE4SSR||,@Yasmin2186,"""I'll be the Neil Armstrong of India,"" 

~ Sushant Singh Rajput
@itsSSR
 Visit To #NASA

Bollywood Envied SSR Talent 
They couldn't handle his level of intelligence he was way beyond their reach. That's why #BollywoodKiGandagi Eliminated him.

#BoycottBollywood
#JusticeForSSR""I'll be the Neil Armstrong of India,"" 

~ Sushant Singh Rajput
@itsSSR
 Visit To #NASA

Bollywood Envied SSR Talent 
They couldn't handle his level of intelligence he was way beyond their reach. That's why #BollywoodKiGandagi Eliminated him.

#BoycottBollywood
#JusticeForSSR",,38,24
Jeff Duntemann,@JeffDuntemann,"An asteroid as long as 33 armadillos nose-to-tail will zip by Earth on Sunday. Relax, it won't hit us--which is a good thing, because armadillos carry leprosy.

If the article seems a little...off, ask yourself what day Saturday is.
#armadillo #LeprosyAn asteroid as long as 33 armadillos nose-to-tail will zip by Earth on Sunday. Relax, it won't hit us--which is a good thing, because armadillos carry leprosy.

If the article seems a little...off, ask yourself what day Saturday is.
#armadillo #Leprosy",,6,10
NASA JPL,@NASAJPL,"The start of a new science campaign.
@NASAPersevere
 recently collected a sample from rock deposits that the science team believe were carried downstream by an ancient river. That means the material may have come from an area well beyond Jezero Crater. http://go.nasa.gov/3m5g5IGThe start of a new science campaign.
@NASAPersevere
 recently collected a sample from rock deposits that the science team believe were carried downstream by an ancient river. That means the material may have come from an area well beyond Jezero Crater. http://go.nasa.gov/3m5g5IG",21,172,"1,275"
annika,@jenowinkle,"@happeehour
 also can we ask reset of carts? you were able to pause the ticket selling for manifesto then continued after a few minutes to clear the carts lang. would it be possible for this ticketing too? since youâ€™ve mentioned 2k tickets pa po nasa carts and itâ€™s been 2 hours@happeehour
 also can we ask reset of carts? you were able to pause the ticket selling for manifesto then continued after a few minutes to clear the carts lang. would it be possible for this ticketing too? since youâ€™ve mentioned 2k tickets pa po nasa carts and itâ€™s been 2 hours",11,125,147
espresso first thing,@2EspressoFirst,"#SundayFunday, #NaturePhotography, #wallartforsale 
https://thewallarts.com
""Embrace the Beauty of Nature with Stunning Wall Art!"" #Mars 
@NASA_Marshall
 @NASA360#SundayFunday, #NaturePhotography, #wallartforsale 
https://thewallarts.com
""Embrace the Beauty of Nature with Stunning Wall Art!"" #Mars 
@NASA_Marshall
 @NASA360",,,
TEAM ISHIRO OFFICIAL,@ishiwormsofc,"Teka! Nasa trobol daw si #ISHIRO? There's one way to check it. 

Verify if it's true by tuning in on 
@iampieofficial
 tonight, 6 PM for Tropa Trobol! 

Ishiro In Trobol
#TroPIETrobol
#PIEShortsTeka! Nasa trobol daw si #ISHIRO? There's one way to check it. 

Verify if it's true by tuning in on 
@iampieofficial
 tonight, 6 PM for Tropa Trobol! 

Ishiro In Trobol
#TroPIETrobol
#PIEShorts",1,17,22
Mars Exploration Terraforming & Colonization News,@MarsExplorat,"1/2
NASA's #Mars_Exploration Program 

NASAâ€™s Perseverance Collects First Mars Sample of New Science Campaign

""NASAâ€™s Perseverance rover cored and stored the first sample of the missionâ€™s newest science campaign on Thursday, March 30.1/2
NASA's #Mars_Exploration Program 

NASAâ€™s Perseverance Collects First Mars Sample of New Science Campaign

""NASAâ€™s Perseverance rover cored and stored the first sample of the missionâ€™s newest science campaign on Thursday, March 30.",1,,1
Beverley Sait,@saitbeverley1,"Ph=y your system is sick.
Incest is not a joke when greedy aholes trap people inland #bloodDiamonds 
We are all related or should be part of natural creation else fate will meet destiny!!!
@realDonaldTrump
 McLeods ok boss?
@NASA
 bars! Miley bar sheep?
@eminem
 GROSS 
@BBCRadio1PRPh=y your system is sick.
Incest is not a joke when greedy aholes trap people inland #bloodDiamonds 
We are all related or should be part of natural creation else fate will meet destiny!!!
@realDonaldTrump
 McLeods ok boss?
@NASA
 bars! Miley bar sheep?
@eminem
 GROSS 
@BBCRadio1PR",,1,1
Prep Strength Coach,@prepstrength,"Fluid loss can double in high heat and humidity environments. Get fast, long-lasting hydration with 
@_The_RightStuff
 (NASA-developed sugar-free formula). Rapidly enters bloodstream for quick relief from dehydration symptoms. #electrolytedrink https://coachl.ink/3yiiT7QFluid loss can double in high heat and humidity environments. Get fast, long-lasting hydration with 
@_The_RightStuff
 (NASA-developed sugar-free formula). Rapidly enters bloodstream for quick relief from dehydration symptoms. #electrolytedrink https://coachl.ink/3yiiT7Q",,,
GAIN FOLLOWERS,@AuctionDirectGT,"#tvajo, 
@tvajo
, http://tvajo.com - NASA to Host Media Call on Upcoming Air Quality Satellite Launch via NASA#tvajo, 
@tvajo
, http://tvajo.com - NASA to Host Media Call on Upcoming Air Quality Satellite Launch via NASA",,,
Matthew Todd,@MrMatthewTodd,"NASA https://climate.nasa.gov/evidence/ Oxford https://ox.ac.uk/news/2021-08-09-oxford-climate-scientists-no-doubt-about-climate-changeâ€¦ Met office https://metoffice.gov.uk/weather/climate-change/what-is-climate-changeâ€¦ Margaret Thatcher https://youtu.be/aSrBO4_qPzo Stephen Hawking https://youtu.be/yrNoXsaWcmQ The oil PR campaign against the facts:  https://youtu.be/YhDacrl1aSAReplying to @MrMatthewTodd and 
@AllisonPearson",6,1,5
Nasa Picture,@NasaPictureBot,"149 - M57: The Ring Nebula from Hubble
 
It was noticed hundreds of years ago by stargazers who could not understand its ...
 
2023-04-02

#nasa #esa #space #astronomy #cosmos #science #photography #galaxy #universe #milkyway
 
https://apod.nasa.gov/apod/image/2304/Ring_HubbleSchmidt_1548.jpgâ€¦149 - M57: The Ring Nebula from Hubble
 
It was noticed hundreds of years ago by stargazers who could not understand its ...
 
2023-04-02

#nasa #esa #space #astronomy #cosmos #science #photography #galaxy #universe #milkyway
 
https://apod.nasa.gov/apod/image/2304/Ring_HubbleSchmidt_1548.jpgâ€¦",,,2
Amisha Mishra,@AmishaMish11196,"Indian-origin software and robotics engineer Amit Kshatriya has been appointed to NASAâ€™s Moon to Mars program https://thehaalchal.com/indian-origin-software-and-robotics-engineer-amit-kshatriya-has-been-appointed-to-nasas-moon-to-mars-program/â€¦ via 
@The
 Haal ChalIndian-origin software and robotics engineer Amit Kshatriya has been appointed to NASAâ€™s Moon to Mars program https://thehaalchal.com/indian-origin-software-and-robotics-engineer-amit-kshatriya-has-been-appointed-to-nasas-moon-to-mars-program/â€¦ via 
@The
 Haal Chal",,,1
Nature Tv,@NatureTvRw,"NASA Astronauts Share Their Space Station Experience on This Week 
@NASA
 Ã¢Â€Â“ March 31, 2023 https://ift.tt/3H6h91x #RwOT #Rwanda #LMWNASA Astronauts Share Their Space Station Experience on This Week 
@NASA
 Ã¢Â€Â“ March 31, 2023 https://ift.tt/3H6h91x #RwOT #Rwanda #LMW",,3,
Nasa Picture,@NasaPictureBot,"382 - NGC 2442: Galaxy in Volans
 
Distorted galaxy NGC 2442 can be found in the southern constellation of the flyi...
 
2023-04-01
Nicolas Rolland
#nasa #esa #space #astronomy #cosmos #science #photography #galaxy #universe #milkyway
 
https://apod.nasa.gov/apod/image/2304/NGC2442-NicolasROLLAND_signatur.jpgâ€¦382 - NGC 2442: Galaxy in Volans
 
Distorted galaxy NGC 2442 can be found in the southern constellation of the flyi...
 
2023-04-01
Nicolas Rolland
#nasa #esa #space #astronomy #cosmos #science #photography #galaxy #universe #milkyway
 
https://apod.nasa.gov/apod/image/2304/NGC2442-NicolasROLLAND_signatur.jpgâ€¦",,,1
